{
  "HALProvider": {
    "Other Devices": {
      "SPARK MAX [1] RELATIVE ENCODER": {
        "header": {
          "open": true
        }
      }
    }
  },
  "NTProvider": {
    "types": {
      "/FMSInfo": "FMSInfo",
      "/SmartDashboard/Alerts": "Alerts",
      "/SmartDashboard/Field": "Field2d",
      "/SmartDashboard/VisionSystemSim-visionSim/Sim Field": "Field2d"
    },
    "windows": {
      "/SmartDashboard/Field": {
        "Robot": {
          "color": [
            1.0,
            1.0,
            1.0,
            255.0
          ]
        },
        "bottom": 1638,
        "builtin": "2025 Reefscape",
        "height": 8.051901817321777,
        "left": 534,
        "path": {
          "arrowColor": [
            0.7560975551605225,
            0.1946592479944229,
            0.1946592479944229,
            255.0
          ],
          "arrowSize": 0,
          "color": [
            1.0,
            0.6991869807243347,
            0.0,
            255.0
          ],
          "style": "Line"
        },
        "right": 3466,
        "target pose": {
          "arrowColor": [
            1.0,
            1.0,
            1.0,
            255.0
          ],
          "color": [
            0.7828010320663452,
            0.13821136951446533,
            1.0,
            255.0
          ]
        },
        "top": 291,
        "width": 17.54825210571289,
        "window": {
          "visible": true
        }
      },
      "/SmartDashboard/VisionSystemSim-visionSim/Sim Field": {
        "Robot": {
          "color": [
            0.9756097793579102,
            0.9756097793579102,
            0.9756097793579102,
            255.0
          ]
        },
        "apriltag": {
          "arrowSize": 24,
          "color": [
            1.0,
            1.0,
            0.0,
            255.0
          ],
          "length": 0.5,
          "width": 0.5
        },
        "bottom": 1638,
        "builtin": "2025 Reefscape",
        "cameras": {
          "arrowColor": [
            255.0,
            0.0,
            0.0,
            255.0
          ],
          "color": [
            0.04878050088882446,
            1.0,
            0.07971441745758057,
            255.0
          ],
          "length": 0.30000001192092896,
          "selectable": false,
          "width": 0.30000001192092896
        },
        "height": 8.051901817321777,
        "left": 534,
        "right": 3466,
        "top": 291,
        "units": "meters",
        "width": 17.54825210571289,
        "window": {
          "visible": true
        }
      }
    }
  },
  "NetworkTables": {
    "Persistent Values": {
      "open": false
    },
    "Retained Values": {
      "open": false
    },
    "transitory": {
      "PathPlanner": {
        "Pose2d##v_/PathPlanner/currentPose": {
          "Translation2d##v_translation": {
            "open": true
          },
          "open": true
        },
        "Pose2d##v_/PathPlanner/targetPose": {
          "open": true
        },
        "double[]##v_/PathPlanner/vel": {
          "open": true
        }
      },
      "Pose2d##v_Robot Pose": {
        "Translation2d##v_translation": {
          "open": true
        },
        "open": true
      },
      "SmartDashboard": {
        "Alerts": {
          "open": true
        },
        "Field": {
          "double[]##v_/SmartDashboard/Field/Robot": {
            "open": true
          }
        }
      },
      "photonvision": {
        "photonLimelight": {
          "Transform3d##v_/photonvision/photonLimelight/targetPose": {
            "Translation3d##v_translation": {
              "open": true
            },
            "open": true
          },
          "open": true
        }
      }
    }
  },
  "NetworkTables Info": {
    "visible": true
  }
}
